Code Domaine,Domaine,Code zone,Zone,Code Élément,Élément,Code Produit,Produit,Code année,Année,Unité,Valeur,Symbole,Description du Symbole
"TA","Animaux vivants","2","Afghanistan","5609","Importations - Quantité","1057","Poulets","2013","2013","1000 têtes","2874","R","Données estimées en utilisant les données des pays partenaires"
"TA","Animaux vivants","2","Afghanistan","5909","Exportations - Quantité","1057","Poulets","2013","2013","1000 têtes","0","F","Estimation FAO"
"TA","Animaux vivants","202","Afrique du Sud","5609","Importations - Quantité","1057","Poulets","2013","2013","1000 têtes","544","","Donnée officielle"
"TA","Animaux vivants","202","Afrique du Sud","5909","Exportations - Quantité","1057","Poulets","2013","2013","1000 têtes","8198","","Donnée officielle"
"TA","Animaux vivants","3","Albanie","5609","Importations - Quantité","1057","Poulets","2013","2013","1000 têtes","6443","*","Chiffre non officiel"
"TA","Animaux vivants","3","Albanie","5909","Exportations - Quantité","1057","Poulets","2013","2013","1000 têtes","0","*","Chiffre non officiel"
"TA","Animaux vivants","4","Algérie","5609","Importations - Quantité","1057","Poulets","2013","2013","1000 têtes","5699","","Donnée officielle"
"TA","Animaux vivants","4","Algérie","5909","Exportations - Quantité","1057","Poulets","2013","2013","1000 têtes","0","F","Estimation FAO"
"TA","Animaux vivants","79","Allemagne","5609","Importations - Quantité","1057","Poulets","2013","2013","1000 têtes","166356","","Donnée officielle"
"TA","Animaux vivants","79","Allemagne","5909","Exportations - Quantité","1057","Poulets","2013","2013","1000 têtes","270858","","Donnée officielle"
"TA","Animaux vivants","7","Angola","5609","Importations - Quantité","1057","Poulets","2013","2013","1000 têtes","702","R","Données estimées en utilisant les données des pays partenaires"
"TA","Animaux vivants","7","Angola","5909","Exportations - Quantité","1057","Poulets","2013","2013","1000 têtes","0","F","Estimation FAO"
"TA","Animaux vivants","8","Antigua-et-Barbuda","5609","Importations - Quantité","1057","Poulets","2013","2013","1000 têtes","23","","Donnée officielle"
"TA","Animaux vivants","8","Antigua-et-Barbuda","5909","Exportations - Quantité","1057","Poulets","2013","2013","1000 têtes","3","","Donnée officielle"
"TA","Animaux vivants","151","Antilles néerlandaises (ex)","5609","Importations - Quantité","1057","Poulets","2013","2013","1000 têtes","115","F","Estimation FAO"
"TA","Animaux vivants","194","Arabie saoudite","5609","Importations - Quantité","1057","Poulets","2013","2013","1000 têtes","5747","*","Chiffre non officiel"
"TA","Animaux vivants","194","Arabie saoudite","5909","Exportations - Quantité","1057","Poulets","2013","2013","1000 têtes","4194","*","Chiffre non officiel"
"TA","Animaux vivants","9","Argentine","5609","Importations - Quantité","1057","Poulets","2013","2013","1000 têtes","625","","Donnée officielle"
"TA","Animaux vivants","9","Argentine","5909","Exportations - Quantité","1057","Poulets","2013","2013","1000 têtes","289","","Donnée officielle"
"TA","Animaux vivants","1","Arménie","5609","Importations - Quantité","1057","Poulets","2013","2013","1000 têtes","7243","","Donnée officielle"
"TA","Animaux vivants","1","Arménie","5909","Exportations - Quantité","1057","Poulets","2013","2013","1000 têtes","85","","Donnée officielle"
"TA","Animaux vivants","22","Aruba","5609","Importations - Quantité","1057","Poulets","2013","2013","1000 têtes","37","R","Données estimées en utilisant les données des pays partenaires"
"TA","Animaux vivants","22","Aruba","5909","Exportations - Quantité","1057","Poulets","2013","2013","1000 têtes","11","F","Estimation FAO"
"TA","Animaux vivants","10","Australie","5909","Exportations - Quantité","1057","Poulets","2013","2013","1000 têtes","258","","Donnée officielle"
"TA","Animaux vivants","11","Autriche","5609","Importations - Quantité","1057","Poulets","2013","2013","1000 têtes","11802","","Donnée officielle"
"TA","Animaux vivants","11","Autriche","5909","Exportations - Quantité","1057","Poulets","2013","2013","1000 têtes","9805","","Donnée officielle"
"TA","Animaux vivants","52","Azerbaïdjan","5609","Importations - Quantité","1057","Poulets","2013","2013","1000 têtes","6942","","Donnée officielle"
"TA","Animaux vivants","52","Azerbaïdjan","5909","Exportations - Quantité","1057","Poulets","2013","2013","1000 têtes","4","","Donnée officielle"
"TA","Animaux vivants","12","Bahamas","5609","Importations - Quantité","1057","Poulets","2013","2013","1000 têtes","515","*","Chiffre non officiel"
"TA","Animaux vivants","13","Bahreïn","5609","Importations - Quantité","1057","Poulets","2013","2013","1000 têtes","151","*","Chiffre non officiel"
"TA","Animaux vivants","13","Bahreïn","5909","Exportations - Quantité","1057","Poulets","2013","2013","1000 têtes","","M","Donnée non disponible"
"TA","Animaux vivants","16","Bangladesh","5609","Importations - Quantité","1057","Poulets","2013","2013","1000 têtes","2356","R","Données estimées en utilisant les données des pays partenaires"
"TA","Animaux vivants","16","Bangladesh","5909","Exportations - Quantité","1057","Poulets","2013","2013","1000 têtes","0","F","Estimation FAO"
"TA","Animaux vivants","14","Barbade","5609","Importations - Quantité","1057","Poulets","2013","2013","1000 têtes","0","F","Estimation FAO"
"TA","Animaux vivants","14","Barbade","5909","Exportations - Quantité","1057","Poulets","2013","2013","1000 têtes","602","","Donnée officielle"
"TA","Animaux vivants","57","Bélarus","5609","Importations - Quantité","1057","Poulets","2013","2013","1000 têtes","22533","","Donnée officielle"
"TA","Animaux vivants","57","Bélarus","5909","Exportations - Quantité","1057","Poulets","2013","2013","1000 têtes","56","","Donnée officielle"
"TA","Animaux vivants","255","Belgique","5609","Importations - Quantité","1057","Poulets","2013","2013","1000 têtes","154169","","Donnée officielle"
"TA","Animaux vivants","255","Belgique","5909","Exportations - Quantité","1057","Poulets","2013","2013","1000 têtes","99615","","Donnée officielle"
"TA","Animaux vivants","15","Belgique-Luxembourg","5609","Importations - Quantité","1057","Poulets","2013","2013","1000 têtes","0","F","Estimation FAO"
"TA","Animaux vivants","15","Belgique-Luxembourg","5909","Exportations - Quantité","1057","Poulets","2013","2013","1000 têtes","0","F","Estimation FAO"
"TA","Animaux vivants","23","Belize","5609","Importations - Quantité","1057","Poulets","2013","2013","1000 têtes","121","","Donnée officielle"
"TA","Animaux vivants","23","Belize","5909","Exportations - Quantité","1057","Poulets","2013","2013","1000 têtes","0","F","Estimation FAO"
"TA","Animaux vivants","53","Bénin","5609","Importations - Quantité","1057","Poulets","2013","2013","1000 têtes","73","","Donnée officielle"
"TA","Animaux vivants","53","Bénin","5909","Exportations - Quantité","1057","Poulets","2013","2013","1000 têtes","0","F","Estimation FAO"
"TA","Animaux vivants","17","Bermudes","5609","Importations - Quantité","1057","Poulets","2013","2013","1000 têtes","0","","Donnée officielle"
"TA","Animaux vivants","18","Bhoutan","5609","Importations - Quantité","1057","Poulets","2013","2013","1000 têtes","16","R","Données estimées en utilisant les données des pays partenaires"
"TA","Animaux vivants","19","Bolivie (État plurinational de)","5609","Importations - Quantité","1057","Poulets","2013","2013","1000 têtes","1623","","Donnée officielle"
"TA","Animaux vivants","19","Bolivie (État plurinational de)","5909","Exportations - Quantité","1057","Poulets","2013","2013","1000 têtes","0","F","Estimation FAO"
"TA","Animaux vivants","80","Bosnie-Herzégovine","5609","Importations - Quantité","1057","Poulets","2013","2013","1000 têtes","888","*","Chiffre non officiel"
"TA","Animaux vivants","80","Bosnie-Herzégovine","5909","Exportations - Quantité","1057","Poulets","2013","2013","1000 têtes","1227","","Donnée officielle"
"TA","Animaux vivants","20","Botswana","5609","Importations - Quantité","1057","Poulets","2013","2013","1000 têtes","807","*","Chiffre non officiel"
"TA","Animaux vivants","20","Botswana","5909","Exportations - Quantité","1057","Poulets","2013","2013","1000 têtes","0","","Donnée officielle"
"TA","Animaux vivants","21","Brésil","5609","Importations - Quantité","1057","Poulets","2013","2013","1000 têtes","156","","Donnée officielle"
"TA","Animaux vivants","21","Brésil","5909","Exportations - Quantité","1057","Poulets","2013","2013","1000 têtes","21920","","Donnée officielle"
"TA","Animaux vivants","26","Brunéi Darussalam","5609","Importations - Quantité","1057","Poulets","2013","2013","1000 têtes","719","","Donnée officielle"
"TA","Animaux vivants","26","Brunéi Darussalam","5909","Exportations - Quantité","1057","Poulets","2013","2013","1000 têtes","0","F","Estimation FAO"
"TA","Animaux vivants","27","Bulgarie","5609","Importations - Quantité","1057","Poulets","2013","2013","1000 têtes","3079","","Donnée officielle"
"TA","Animaux vivants","27","Bulgarie","5909","Exportations - Quantité","1057","Poulets","2013","2013","1000 têtes","20081","","Donnée officielle"
"TA","Animaux vivants","233","Burkina Faso","5609","Importations - Quantité","1057","Poulets","2013","2013","1000 têtes","559","","Donnée officielle"
"TA","Animaux vivants","233","Burkina Faso","5909","Exportations - Quantité","1057","Poulets","2013","2013","1000 têtes","239","","Donnée officielle"
"TA","Animaux vivants","29","Burundi","5609","Importations - Quantité","1057","Poulets","2013","2013","1000 têtes","179","","Donnée officielle"
"TA","Animaux vivants","29","Burundi","5909","Exportations - Quantité","1057","Poulets","2013","2013","1000 têtes","4","","Donnée officielle"
"TA","Animaux vivants","35","Cabo Verde","5609","Importations - Quantité","1057","Poulets","2013","2013","1000 têtes","141","*","Chiffre non officiel"
"TA","Animaux vivants","115","Cambodge","5609","Importations - Quantité","1057","Poulets","2013","2013","1000 têtes","136","*","Chiffre non officiel"
"TA","Animaux vivants","115","Cambodge","5909","Exportations - Quantité","1057","Poulets","2013","2013","1000 têtes","0","F","Estimation FAO"
"TA","Animaux vivants","32","Cameroun","5609","Importations - Quantité","1057","Poulets","2013","2013","1000 têtes","1696","R","Données estimées en utilisant les données des pays partenaires"
"TA","Animaux vivants","32","Cameroun","5909","Exportations - Quantité","1057","Poulets","2013","2013","1000 têtes","0","F","Estimation FAO"
"TA","Animaux vivants","33","Canada","5609","Importations - Quantité","1057","Poulets","2013","2013","1000 têtes","60652","","Donnée officielle"
"TA","Animaux vivants","33","Canada","5909","Exportations - Quantité","1057","Poulets","2013","2013","1000 têtes","5874","","Donnée officielle"
"TA","Animaux vivants","40","Chili","5609","Importations - Quantité","1057","Poulets","2013","2013","1000 têtes","385","*","Chiffre non officiel"
"TA","Animaux vivants","40","Chili","5909","Exportations - Quantité","1057","Poulets","2013","2013","1000 têtes","0","F","Estimation FAO"
"TA","Animaux vivants","96","Chine - RAS de Hong-Kong","5609","Importations - Quantité","1057","Poulets","2013","2013","1000 têtes","3679","","Donnée officielle"
"TA","Animaux vivants","96","Chine - RAS de Hong-Kong","5909","Exportations - Quantité","1057","Poulets","2013","2013","1000 têtes","0","F","Estimation FAO"
"TA","Animaux vivants","128","Chine - RAS de Macao","5609","Importations - Quantité","1057","Poulets","2013","2013","1000 têtes","2700","F","Estimation FAO"
"TA","Animaux vivants","128","Chine - RAS de Macao","5909","Exportations - Quantité","1057","Poulets","2013","2013","1000 têtes","0","F","Estimation FAO"
"TA","Animaux vivants","41","Chine, continentale","5609","Importations - Quantité","1057","Poulets","2013","2013","1000 têtes","3190","","Donnée officielle"
"TA","Animaux vivants","41","Chine, continentale","5909","Exportations - Quantité","1057","Poulets","2013","2013","1000 têtes","7168","","Donnée officielle"
"TA","Animaux vivants","214","Chine, Taiwan Province de","5609","Importations - Quantité","1057","Poulets","2013","2013","1000 têtes","298","","Donnée officielle"
"TA","Animaux vivants","214","Chine, Taiwan Province de","5909","Exportations - Quantité","1057","Poulets","2013","2013","1000 têtes","0","F","Estimation FAO"
"TA","Animaux vivants","50","Chypre","5609","Importations - Quantité","1057","Poulets","2013","2013","1000 têtes","347","","Donnée officielle"
"TA","Animaux vivants","50","Chypre","5909","Exportations - Quantité","1057","Poulets","2013","2013","1000 têtes","0","F","Estimation FAO"
"TA","Animaux vivants","44","Colombie","5609","Importations - Quantité","1057","Poulets","2013","2013","1000 têtes","713","","Donnée officielle"
"TA","Animaux vivants","44","Colombie","5909","Exportations - Quantité","1057","Poulets","2013","2013","1000 têtes","1986","","Donnée officielle"
"TA","Animaux vivants","45","Comores","5609","Importations - Quantité","1057","Poulets","2013","2013","1000 têtes","22","R","Données estimées en utilisant les données des pays partenaires"
"TA","Animaux vivants","46","Congo","5609","Importations - Quantité","1057","Poulets","2013","2013","1000 têtes","32","*","Chiffre non officiel"
"TA","Animaux vivants","48","Costa Rica","5609","Importations - Quantité","1057","Poulets","2013","2013","1000 têtes","1214","","Donnée officielle"
"TA","Animaux vivants","48","Costa Rica","5909","Exportations - Quantité","1057","Poulets","2013","2013","1000 têtes","3441","","Donnée officielle"
"TA","Animaux vivants","107","Côte d'Ivoire","5609","Importations - Quantité","1057","Poulets","2013","2013","1000 têtes","421","*","Chiffre non officiel"
"TA","Animaux vivants","107","Côte d'Ivoire","5909","Exportations - Quantité","1057","Poulets","2013","2013","1000 têtes","8","*","Chiffre non officiel"
"TA","Animaux vivants","98","Croatie","5609","Importations - Quantité","1057","Poulets","2013","2013","1000 têtes","2422","","Donnée officielle"
"TA","Animaux vivants","98","Croatie","5909","Exportations - Quantité","1057","Poulets","2013","2013","1000 têtes","5765","","Donnée officielle"
"TA","Animaux vivants","49","Cuba","5609","Importations - Quantité","1057","Poulets","2013","2013","1000 têtes","0","F","Estimation FAO"
"TA","Animaux vivants","49","Cuba","5909","Exportations - Quantité","1057","Poulets","2013","2013","1000 têtes","0","F","Estimation FAO"
"TA","Animaux vivants","54","Danemark","5609","Importations - Quantité","1057","Poulets","2013","2013","1000 têtes","4378","","Donnée officielle"
"TA","Animaux vivants","54","Danemark","5909","Exportations - Quantité","1057","Poulets","2013","2013","1000 têtes","47796","","Donnée officielle"
"TA","Animaux vivants","72","Djibouti","5609","Importations - Quantité","1057","Poulets","2013","2013","1000 têtes","","M","Donnée non disponible"
"TA","Animaux vivants","55","Dominique","5609","Importations - Quantité","1057","Poulets","2013","2013","1000 têtes","98","R","Données estimées en utilisant les données des pays partenaires"
"TA","Animaux vivants","59","Égypte","5609","Importations - Quantité","1057","Poulets","2013","2013","1000 têtes","64","*","Chiffre non officiel"
"TA","Animaux vivants","59","Égypte","5909","Exportations - Quantité","1057","Poulets","2013","2013","1000 têtes","12","*","Chiffre non officiel"
"TA","Animaux vivants","60","El Salvador","5609","Importations - Quantité","1057","Poulets","2013","2013","1000 têtes","3378","","Donnée officielle"
"TA","Animaux vivants","60","El Salvador","5909","Exportations - Quantité","1057","Poulets","2013","2013","1000 têtes","14310","","Donnée officielle"
"TA","Animaux vivants","225","Émirats arabes unis","5609","Importations - Quantité","1057","Poulets","2013","2013","1000 têtes","1240","R","Données estimées en utilisant les données des pays partenaires"
"TA","Animaux vivants","225","Émirats arabes unis","5909","Exportations - Quantité","1057","Poulets","2013","2013","1000 têtes","934","R","Données estimées en utilisant les données des pays partenaires"
"TA","Animaux vivants","58","Équateur","5609","Importations - Quantité","1057","Poulets","2013","2013","1000 têtes","2824","","Donnée officielle"
"TA","Animaux vivants","58","Équateur","5909","Exportations - Quantité","1057","Poulets","2013","2013","1000 têtes","0","F","Estimation FAO"
"TA","Animaux vivants","178","Érythrée","5609","Importations - Quantité","1057","Poulets","2013","2013","1000 têtes","0","F","Estimation FAO"
"TA","Animaux vivants","203","Espagne","5609","Importations - Quantité","1057","Poulets","2013","2013","1000 têtes","59102","","Donnée officielle"
"TA","Animaux vivants","203","Espagne","5909","Exportations - Quantité","1057","Poulets","2013","2013","1000 têtes","18555","","Donnée officielle"
"TA","Animaux vivants","63","Estonie","5609","Importations - Quantité","1057","Poulets","2013","2013","1000 têtes","432","","Donnée officielle"
"TA","Animaux vivants","63","Estonie","5909","Exportations - Quantité","1057","Poulets","2013","2013","1000 têtes","310","","Donnée officielle"
"TA","Animaux vivants","209","Eswatini","5609","Importations - Quantité","1057","Poulets","2013","2013","1000 têtes","2521","R","Données estimées en utilisant les données des pays partenaires"
"TA","Animaux vivants","209","Eswatini","5909","Exportations - Quantité","1057","Poulets","2013","2013","1000 têtes","0","*","Chiffre non officiel"
"TA","Animaux vivants","231","États-Unis d'Amérique","5609","Importations - Quantité","1057","Poulets","2013","2013","1000 têtes","5350","","Donnée officielle"
"TA","Animaux vivants","231","États-Unis d'Amérique","5909","Exportations - Quantité","1057","Poulets","2013","2013","1000 têtes","87015","","Donnée officielle"
"TA","Animaux vivants","238","Éthiopie","5609","Importations - Quantité","1057","Poulets","2013","2013","1000 têtes","70","*","Chiffre non officiel"
"TA","Animaux vivants","238","Éthiopie","5909","Exportations - Quantité","1057","Poulets","2013","2013","1000 têtes","","M","Donnée non disponible"
"TA","Animaux vivants","62","Éthiopie RDP","5609","Importations - Quantité","1057","Poulets","2013","2013","1000 têtes","","M","Donnée non disponible"
"TA","Animaux vivants","62","Éthiopie RDP","5909","Exportations - Quantité","1057","Poulets","2013","2013","1000 têtes","","M","Donnée non disponible"
"TA","Animaux vivants","185","Fédération de Russie","5609","Importations - Quantité","1057","Poulets","2013","2013","1000 têtes","13840","","Donnée officielle"
"TA","Animaux vivants","185","Fédération de Russie","5909","Exportations - Quantité","1057","Poulets","2013","2013","1000 têtes","6173","","Donnée officielle"
"TA","Animaux vivants","66","Fidji","5609","Importations - Quantité","1057","Poulets","2013","2013","1000 têtes","3","","Donnée officielle"
"TA","Animaux vivants","66","Fidji","5909","Exportations - Quantité","1057","Poulets","2013","2013","1000 têtes","0","F","Estimation FAO"
"TA","Animaux vivants","67","Finlande","5609","Importations - Quantité","1057","Poulets","2013","2013","1000 têtes","80","","Donnée officielle"
"TA","Animaux vivants","67","Finlande","5909","Exportations - Quantité","1057","Poulets","2013","2013","1000 têtes","1296","","Donnée officielle"
"TA","Animaux vivants","68","France","5609","Importations - Quantité","1057","Poulets","2013","2013","1000 têtes","18100","","Donnée officielle"
"TA","Animaux vivants","68","France","5909","Exportations - Quantité","1057","Poulets","2013","2013","1000 têtes","87395","","Donnée officielle"
"TA","Animaux vivants","74","Gabon","5609","Importations - Quantité","1057","Poulets","2013","2013","1000 têtes","381","R","Données estimées en utilisant les données des pays partenaires"
"TA","Animaux vivants","75","Gambie","5609","Importations - Quantité","1057","Poulets","2013","2013","1000 têtes","10","","Donnée officielle"
"TA","Animaux vivants","75","Gambie","5909","Exportations - Quantité","1057","Poulets","2013","2013","1000 têtes","0","F","Estimation FAO"
"TA","Animaux vivants","73","Géorgie","5609","Importations - Quantité","1057","Poulets","2013","2013","1000 têtes","1192","","Donnée officielle"
"TA","Animaux vivants","73","Géorgie","5909","Exportations - Quantité","1057","Poulets","2013","2013","1000 têtes","0","*","Chiffre non officiel"
"TA","Animaux vivants","81","Ghana","5609","Importations - Quantité","1057","Poulets","2013","2013","1000 têtes","7588","","Donnée officielle"
"TA","Animaux vivants","81","Ghana","5909","Exportations - Quantité","1057","Poulets","2013","2013","1000 têtes","0","*","Chiffre non officiel"
"TA","Animaux vivants","84","Grèce","5609","Importations - Quantité","1057","Poulets","2013","2013","1000 têtes","5294","","Donnée officielle"
"TA","Animaux vivants","84","Grèce","5909","Exportations - Quantité","1057","Poulets","2013","2013","1000 têtes","4000","","Donnée officielle"
"TA","Animaux vivants","86","Grenade","5609","Importations - Quantité","1057","Poulets","2013","2013","1000 têtes","358","R","Données estimées en utilisant les données des pays partenaires"
"TA","Animaux vivants","86","Grenade","5909","Exportations - Quantité","1057","Poulets","2013","2013","1000 têtes","","M","Donnée non disponible"
"TA","Animaux vivants","88","Guam","5609","Importations - Quantité","1057","Poulets","2013","2013","1000 têtes","0","F","Estimation FAO"
"TA","Animaux vivants","88","Guam","5909","Exportations - Quantité","1057","Poulets","2013","2013","1000 têtes","0","F","Estimation FAO"
"TA","Animaux vivants","89","Guatemala","5609","Importations - Quantité","1057","Poulets","2013","2013","1000 têtes","15068","","Donnée officielle"
"TA","Animaux vivants","89","Guatemala","5909","Exportations - Quantité","1057","Poulets","2013","2013","1000 têtes","2613","","Donnée officielle"
"TA","Animaux vivants","90","Guinée","5609","Importations - Quantité","1057","Poulets","2013","2013","1000 têtes","701","R","Données estimées en utilisant les données des pays partenaires"
"TA","Animaux vivants","90","Guinée","5909","Exportations - Quantité","1057","Poulets","2013","2013","1000 têtes","0","F","Estimation FAO"
"TA","Animaux vivants","175","Guinée-Bissau","5609","Importations - Quantité","1057","Poulets","2013","2013","1000 têtes","14","R","Données estimées en utilisant les données des pays partenaires"
"TA","Animaux vivants","91","Guyana","5609","Importations - Quantité","1057","Poulets","2013","2013","1000 têtes","36","","Donnée officielle"
"TA","Animaux vivants","91","Guyana","5909","Exportations - Quantité","1057","Poulets","2013","2013","1000 têtes","0","F","Estimation FAO"
"TA","Animaux vivants","93","Haïti","5609","Importations - Quantité","1057","Poulets","2013","2013","1000 têtes","1857","R","Données estimées en utilisant les données des pays partenaires"
"TA","Animaux vivants","95","Honduras","5609","Importations - Quantité","1057","Poulets","2013","2013","1000 têtes","1395","R","Données estimées en utilisant les données des pays partenaires"
"TA","Animaux vivants","95","Honduras","5909","Exportations - Quantité","1057","Poulets","2013","2013","1000 têtes","454","R","Données estimées en utilisant les données des pays partenaires"
"TA","Animaux vivants","97","Hongrie","5609","Importations - Quantité","1057","Poulets","2013","2013","1000 têtes","18116","","Donnée officielle"
"TA","Animaux vivants","97","Hongrie","5909","Exportations - Quantité","1057","Poulets","2013","2013","1000 têtes","70031","","Donnée officielle"
"TA","Animaux vivants","36","Îles Caïmanes","5609","Importations - Quantité","1057","Poulets","2013","2013","1000 têtes","0","F","Estimation FAO"
"TA","Animaux vivants","47","Îles Cook","5609","Importations - Quantité","1057","Poulets","2013","2013","1000 têtes","3","R","Données estimées en utilisant les données des pays partenaires"
"TA","Animaux vivants","64","Îles Féroé","5609","Importations - Quantité","1057","Poulets","2013","2013","1000 têtes","0","F","Estimation FAO"
"TA","Animaux vivants","100","Inde","5609","Importations - Quantité","1057","Poulets","2013","2013","1000 têtes","94","","Donnée officielle"
"TA","Animaux vivants","100","Inde","5909","Exportations - Quantité","1057","Poulets","2013","2013","1000 têtes","309","","Donnée officielle"
"TA","Animaux vivants","101","Indonésie","5609","Importations - Quantité","1057","Poulets","2013","2013","1000 têtes","12","","Donnée officielle"
"TA","Animaux vivants","101","Indonésie","5909","Exportations - Quantité","1057","Poulets","2013","2013","1000 têtes","0","","Donnée officielle"
"TA","Animaux vivants","102","Iran (République islamique d')","5609","Importations - Quantité","1057","Poulets","2013","2013","1000 têtes","981","R","Données estimées en utilisant les données des pays partenaires"
"TA","Animaux vivants","102","Iran (République islamique d')","5909","Exportations - Quantité","1057","Poulets","2013","2013","1000 têtes","11237","R","Données estimées en utilisant les données des pays partenaires"
"TA","Animaux vivants","103","Iraq","5609","Importations - Quantité","1057","Poulets","2013","2013","1000 têtes","978","R","Données estimées en utilisant les données des pays partenaires"
"TA","Animaux vivants","103","Iraq","5909","Exportations - Quantité","1057","Poulets","2013","2013","1000 têtes","0","F","Estimation FAO"
"TA","Animaux vivants","104","Irlande","5609","Importations - Quantité","1057","Poulets","2013","2013","1000 têtes","4840","","Donnée officielle"
"TA","Animaux vivants","104","Irlande","5909","Exportations - Quantité","1057","Poulets","2013","2013","1000 têtes","20271","","Donnée officielle"
"TA","Animaux vivants","99","Islande","5609","Importations - Quantité","1057","Poulets","2013","2013","1000 têtes","0","F","Estimation FAO"
"TA","Animaux vivants","105","Israël","5609","Importations - Quantité","1057","Poulets","2013","2013","1000 têtes","312","*","Chiffre non officiel"
"TA","Animaux vivants","105","Israël","5909","Exportations - Quantité","1057","Poulets","2013","2013","1000 têtes","0","*","Chiffre non officiel"
"TA","Animaux vivants","106","Italie","5609","Importations - Quantité","1057","Poulets","2013","2013","1000 têtes","9241","","Donnée officielle"
"TA","Animaux vivants","106","Italie","5909","Exportations - Quantité","1057","Poulets","2013","2013","1000 têtes","12435","","Donnée officielle"
"TA","Animaux vivants","109","Jamaïque","5609","Importations - Quantité","1057","Poulets","2013","2013","1000 têtes","6","*","Chiffre non officiel"
"TA","Animaux vivants","109","Jamaïque","5909","Exportations - Quantité","1057","Poulets","2013","2013","1000 têtes","2","*","Chiffre non officiel"
"TA","Animaux vivants","110","Japon","5609","Importations - Quantité","1057","Poulets","2013","2013","1000 têtes","557","","Donnée officielle"
"TA","Animaux vivants","110","Japon","5909","Exportations - Quantité","1057","Poulets","2013","2013","1000 têtes","0","F","Estimation FAO"
"TA","Animaux vivants","112","Jordanie","5609","Importations - Quantité","1057","Poulets","2013","2013","1000 têtes","942","*","Chiffre non officiel"
"TA","Animaux vivants","112","Jordanie","5909","Exportations - Quantité","1057","Poulets","2013","2013","1000 têtes","378","*","Chiffre non officiel"
"TA","Animaux vivants","108","Kazakhstan","5609","Importations - Quantité","1057","Poulets","2013","2013","1000 têtes","5800","","Donnée officielle"
"TA","Animaux vivants","108","Kazakhstan","5909","Exportations - Quantité","1057","Poulets","2013","2013","1000 têtes","18","","Donnée officielle"
"TA","Animaux vivants","114","Kenya","5609","Importations - Quantité","1057","Poulets","2013","2013","1000 têtes","309","","Donnée officielle"
"TA","Animaux vivants","114","Kenya","5909","Exportations - Quantité","1057","Poulets","2013","2013","1000 têtes","4357","","Donnée officielle"
"TA","Animaux vivants","113","Kirghizistan","5609","Importations - Quantité","1057","Poulets","2013","2013","1000 têtes","128","R","Données estimées en utilisant les données des pays partenaires"
"TA","Animaux vivants","113","Kirghizistan","5909","Exportations - Quantité","1057","Poulets","2013","2013","1000 têtes","0","F","Estimation FAO"
"TA","Animaux vivants","83","Kiribati","5609","Importations - Quantité","1057","Poulets","2013","2013","1000 têtes","","M","Donnée non disponible"
"TA","Animaux vivants","118","Koweït","5609","Importations - Quantité","1057","Poulets","2013","2013","1000 têtes","2707","","Donnée officielle"
"TA","Animaux vivants","118","Koweït","5909","Exportations - Quantité","1057","Poulets","2013","2013","1000 têtes","698","","Donnée officielle"
"TA","Animaux vivants","122","Lesotho","5609","Importations - Quantité","1057","Poulets","2013","2013","1000 têtes","3388","R","Données estimées en utilisant les données des pays partenaires"
"TA","Animaux vivants","122","Lesotho","5909","Exportations - Quantité","1057","Poulets","2013","2013","1000 têtes","0","F","Estimation FAO"
"TA","Animaux vivants","119","Lettonie","5609","Importations - Quantité","1057","Poulets","2013","2013","1000 têtes","1888","","Donnée officielle"
"TA","Animaux vivants","119","Lettonie","5909","Exportations - Quantité","1057","Poulets","2013","2013","1000 têtes","172","","Donnée officielle"
"TA","Animaux vivants","121","Liban","5609","Importations - Quantité","1057","Poulets","2013","2013","1000 têtes","976","","Donnée officielle"
"TA","Animaux vivants","121","Liban","5909","Exportations - Quantité","1057","Poulets","2013","2013","1000 têtes","27","","Donnée officielle"
"TA","Animaux vivants","123","Libéria","5609","Importations - Quantité","1057","Poulets","2013","2013","1000 têtes","0","R","Données estimées en utilisant les données des pays partenaires"
"TA","Animaux vivants","124","Libye","5609","Importations - Quantité","1057","Poulets","2013","2013","1000 têtes","473","R","Données estimées en utilisant les données des pays partenaires"
"TA","Animaux vivants","126","Lituanie","5609","Importations - Quantité","1057","Poulets","2013","2013","1000 têtes","5343","","Donnée officielle"
"TA","Animaux vivants","126","Lituanie","5909","Exportations - Quantité","1057","Poulets","2013","2013","1000 têtes","2721","","Donnée officielle"
"TA","Animaux vivants","256","Luxembourg","5609","Importations - Quantité","1057","Poulets","2013","2013","1000 têtes","97","","Donnée officielle"
"TA","Animaux vivants","256","Luxembourg","5909","Exportations - Quantité","1057","Poulets","2013","2013","1000 têtes","164","","Donnée officielle"
"TA","Animaux vivants","154","Macédoine du Nord","5609","Importations - Quantité","1057","Poulets","2013","2013","1000 têtes","617","","Donnée officielle"
"TA","Animaux vivants","154","Macédoine du Nord","5909","Exportations - Quantité","1057","Poulets","2013","2013","1000 têtes","1267","","Donnée officielle"
"TA","Animaux vivants","129","Madagascar","5609","Importations - Quantité","1057","Poulets","2013","2013","1000 têtes","31","","Donnée officielle"
"TA","Animaux vivants","129","Madagascar","5909","Exportations - Quantité","1057","Poulets","2013","2013","1000 têtes","2","","Donnée officielle"
"TA","Animaux vivants","131","Malaisie","5609","Importations - Quantité","1057","Poulets","2013","2013","1000 têtes","2477","*","Chiffre non officiel"
"TA","Animaux vivants","131","Malaisie","5909","Exportations - Quantité","1057","Poulets","2013","2013","1000 têtes","51008","","Donnée officielle"
"TA","Animaux vivants","130","Malawi","5609","Importations - Quantité","1057","Poulets","2013","2013","1000 têtes","197","","Donnée officielle"
"TA","Animaux vivants","130","Malawi","5909","Exportations - Quantité","1057","Poulets","2013","2013","1000 têtes","34","","Donnée officielle"
"TA","Animaux vivants","132","Maldives","5609","Importations - Quantité","1057","Poulets","2013","2013","1000 têtes","16","","Donnée officielle"
"TA","Animaux vivants","133","Mali","5609","Importations - Quantité","1057","Poulets","2013","2013","1000 têtes","1397","R","Données estimées en utilisant les données des pays partenaires"
"TA","Animaux vivants","133","Mali","5909","Exportations - Quantité","1057","Poulets","2013","2013","1000 têtes","857","F","Estimation FAO"
"TA","Animaux vivants","134","Malte","5609","Importations - Quantité","1057","Poulets","2013","2013","1000 têtes","16","","Donnée officielle"
"TA","Animaux vivants","134","Malte","5909","Exportations - Quantité","1057","Poulets","2013","2013","1000 têtes","58","","Donnée officielle"
"TA","Animaux vivants","143","Maroc","5609","Importations - Quantité","1057","Poulets","2013","2013","1000 têtes","3331","","Donnée officielle"
"TA","Animaux vivants","143","Maroc","5909","Exportations - Quantité","1057","Poulets","2013","2013","1000 têtes","2558","","Donnée officielle"
"TA","Animaux vivants","137","Maurice","5609","Importations - Quantité","1057","Poulets","2013","2013","1000 têtes","178","","Donnée officielle"
"TA","Animaux vivants","137","Maurice","5909","Exportations - Quantité","1057","Poulets","2013","2013","1000 têtes","173","","Donnée officielle"
"TA","Animaux vivants","136","Mauritanie","5609","Importations - Quantité","1057","Poulets","2013","2013","1000 têtes","4","*","Chiffre non officiel"
"TA","Animaux vivants","138","Mexique","5609","Importations - Quantité","1057","Poulets","2013","2013","1000 têtes","3842","","Donnée officielle"
"TA","Animaux vivants","138","Mexique","5909","Exportations - Quantité","1057","Poulets","2013","2013","1000 têtes","0","*","Chiffre non officiel"
"TA","Animaux vivants","141","Mongolie","5609","Importations - Quantité","1057","Poulets","2013","2013","1000 têtes","200","R","Données estimées en utilisant les données des pays partenaires"
"TA","Animaux vivants","273","Monténégro","5609","Importations - Quantité","1057","Poulets","2013","2013","1000 têtes","985","","Donnée officielle"
"TA","Animaux vivants","273","Monténégro","5909","Exportations - Quantité","1057","Poulets","2013","2013","1000 têtes","46","","Donnée officielle"
"TA","Animaux vivants","144","Mozambique","5609","Importations - Quantité","1057","Poulets","2013","2013","1000 têtes","2103","R","Données estimées en utilisant les données des pays partenaires"
"TA","Animaux vivants","144","Mozambique","5909","Exportations - Quantité","1057","Poulets","2013","2013","1000 têtes","","M","Donnée non disponible"
"TA","Animaux vivants","28","Myanmar","5609","Importations - Quantité","1057","Poulets","2013","2013","1000 têtes","300","F","Estimation FAO"
"TA","Animaux vivants","147","Namibie","5609","Importations - Quantité","1057","Poulets","2013","2013","1000 têtes","11223","","Donnée officielle"
"TA","Animaux vivants","147","Namibie","5909","Exportations - Quantité","1057","Poulets","2013","2013","1000 têtes","0","*","Chiffre non officiel"
"TA","Animaux vivants","149","Népal","5609","Importations - Quantité","1057","Poulets","2013","2013","1000 têtes","1122","","Donnée officielle"
"TA","Animaux vivants","149","Népal","5909","Exportations - Quantité","1057","Poulets","2013","2013","1000 têtes","0","","Donnée officielle"
"TA","Animaux vivants","157","Nicaragua","5609","Importations - Quantité","1057","Poulets","2013","2013","1000 têtes","4001","","Donnée officielle"
"TA","Animaux vivants","157","Nicaragua","5909","Exportations - Quantité","1057","Poulets","2013","2013","1000 têtes","0","F","Estimation FAO"
"TA","Animaux vivants","158","Niger","5609","Importations - Quantité","1057","Poulets","2013","2013","1000 têtes","51","","Donnée officielle"
"TA","Animaux vivants","158","Niger","5909","Exportations - Quantité","1057","Poulets","2013","2013","1000 têtes","0","F","Estimation FAO"
"TA","Animaux vivants","159","Nigéria","5609","Importations - Quantité","1057","Poulets","2013","2013","1000 têtes","20","F","Estimation FAO"
"TA","Animaux vivants","159","Nigéria","5909","Exportations - Quantité","1057","Poulets","2013","2013","1000 têtes","4","R","Données estimées en utilisant les données des pays partenaires"
"TA","Animaux vivants","160","Nioué","5609","Importations - Quantité","1057","Poulets","2013","2013","1000 têtes","","M","Donnée non disponible"
"TA","Animaux vivants","162","Norvège","5609","Importations - Quantité","1057","Poulets","2013","2013","1000 têtes","19","*","Chiffre non officiel"
"TA","Animaux vivants","162","Norvège","5909","Exportations - Quantité","1057","Poulets","2013","2013","1000 têtes","0","*","Chiffre non officiel"
"TA","Animaux vivants","153","Nouvelle-Calédonie","5609","Importations - Quantité","1057","Poulets","2013","2013","1000 têtes","0","","Donnée officielle"
"TA","Animaux vivants","153","Nouvelle-Calédonie","5909","Exportations - Quantité","1057","Poulets","2013","2013","1000 têtes","3","*","Chiffre non officiel"
"TA","Animaux vivants","156","Nouvelle-Zélande","5609","Importations - Quantité","1057","Poulets","2013","2013","1000 têtes","0","F","Estimation FAO"
"TA","Animaux vivants","156","Nouvelle-Zélande","5909","Exportations - Quantité","1057","Poulets","2013","2013","1000 têtes","1323","","Donnée officielle"
"TA","Animaux vivants","221","Oman","5609","Importations - Quantité","1057","Poulets","2013","2013","1000 têtes","179","*","Chiffre non officiel"
"TA","Animaux vivants","221","Oman","5909","Exportations - Quantité","1057","Poulets","2013","2013","1000 têtes","2","","Donnée officielle"
"TA","Animaux vivants","226","Ouganda","5609","Importations - Quantité","1057","Poulets","2013","2013","1000 têtes","1575","","Donnée officielle"
"TA","Animaux vivants","226","Ouganda","5909","Exportations - Quantité","1057","Poulets","2013","2013","1000 têtes","52","","Donnée officielle"
"TA","Animaux vivants","235","Ouzbékistan","5609","Importations - Quantité","1057","Poulets","2013","2013","1000 têtes","989","R","Données estimées en utilisant les données des pays partenaires"
"TA","Animaux vivants","235","Ouzbékistan","5909","Exportations - Quantité","1057","Poulets","2013","2013","1000 têtes","0","F","Estimation FAO"
"TA","Animaux vivants","165","Pakistan","5609","Importations - Quantité","1057","Poulets","2013","2013","1000 têtes","1369","","Donnée officielle"
"TA","Animaux vivants","165","Pakistan","5909","Exportations - Quantité","1057","Poulets","2013","2013","1000 têtes","2899","","Donnée officielle"
"TA","Animaux vivants","299","Palestine","5609","Importations - Quantité","1057","Poulets","2013","2013","1000 têtes","34","R","Données estimées en utilisant les données des pays partenaires"
"TA","Animaux vivants","299","Palestine","5909","Exportations - Quantité","1057","Poulets","2013","2013","1000 têtes","","M","Donnée non disponible"
"TA","Animaux vivants","166","Panama","5609","Importations - Quantité","1057","Poulets","2013","2013","1000 têtes","1431","","Donnée officielle"
"TA","Animaux vivants","166","Panama","5909","Exportations - Quantité","1057","Poulets","2013","2013","1000 têtes","104","","Donnée officielle"
"TA","Animaux vivants","168","Papouasie-Nouvelle-Guinée","5609","Importations - Quantité","1057","Poulets","2013","2013","1000 têtes","193","R","Données estimées en utilisant les données des pays partenaires"
"TA","Animaux vivants","168","Papouasie-Nouvelle-Guinée","5909","Exportations - Quantité","1057","Poulets","2013","2013","1000 têtes","21","R","Données estimées en utilisant les données des pays partenaires"
"TA","Animaux vivants","169","Paraguay","5609","Importations - Quantité","1057","Poulets","2013","2013","1000 têtes","14993","","Donnée officielle"
"TA","Animaux vivants","169","Paraguay","5909","Exportations - Quantité","1057","Poulets","2013","2013","1000 têtes","","M","Donnée non disponible"
"TA","Animaux vivants","150","Pays-Bas","5609","Importations - Quantité","1057","Poulets","2013","2013","1000 têtes","274401","","Donnée officielle"
"TA","Animaux vivants","150","Pays-Bas","5909","Exportations - Quantité","1057","Poulets","2013","2013","1000 têtes","330181","","Donnée officielle"
"TA","Animaux vivants","170","Pérou","5609","Importations - Quantité","1057","Poulets","2013","2013","1000 têtes","1235","","Donnée officielle"
"TA","Animaux vivants","170","Pérou","5909","Exportations - Quantité","1057","Poulets","2013","2013","1000 têtes","1484","","Donnée officielle"
"TA","Animaux vivants","171","Philippines","5609","Importations - Quantité","1057","Poulets","2013","2013","1000 têtes","511","","Donnée officielle"
"TA","Animaux vivants","171","Philippines","5909","Exportations - Quantité","1057","Poulets","2013","2013","1000 têtes","87","","Donnée officielle"
"TA","Animaux vivants","173","Pologne","5609","Importations - Quantité","1057","Poulets","2013","2013","1000 têtes","48780","","Donnée officielle"
"TA","Animaux vivants","173","Pologne","5909","Exportations - Quantité","1057","Poulets","2013","2013","1000 têtes","78506","","Donnée officielle"
"TA","Animaux vivants","70","Polynésie française","5609","Importations - Quantité","1057","Poulets","2013","2013","1000 têtes","222","","Donnée officielle"
"TA","Animaux vivants","174","Portugal","5609","Importations - Quantité","1057","Poulets","2013","2013","1000 têtes","16518","","Donnée officielle"
"TA","Animaux vivants","174","Portugal","5909","Exportations - Quantité","1057","Poulets","2013","2013","1000 têtes","41267","","Donnée officielle"
"TA","Animaux vivants","179","Qatar","5609","Importations - Quantité","1057","Poulets","2013","2013","1000 têtes","171","*","Chiffre non officiel"
"TA","Animaux vivants","179","Qatar","5909","Exportations - Quantité","1057","Poulets","2013","2013","1000 têtes","0","F","Estimation FAO"
"TA","Animaux vivants","212","République arabe syrienne","5609","Importations - Quantité","1057","Poulets","2013","2013","1000 têtes","9199","R","Données estimées en utilisant les données des pays partenaires"
"TA","Animaux vivants","212","République arabe syrienne","5909","Exportations - Quantité","1057","Poulets","2013","2013","1000 têtes","139","R","Données estimées en utilisant les données des pays partenaires"
"TA","Animaux vivants","37","République centrafricaine","5609","Importations - Quantité","1057","Poulets","2013","2013","1000 têtes","0","*","Chiffre non officiel"
"TA","Animaux vivants","117","République de Corée","5609","Importations - Quantité","1057","Poulets","2013","2013","1000 têtes","608","*","Chiffre non officiel"
"TA","Animaux vivants","117","République de Corée","5909","Exportations - Quantité","1057","Poulets","2013","2013","1000 têtes","3","*","Chiffre non officiel"
"TA","Animaux vivants","146","République de Moldova","5609","Importations - Quantité","1057","Poulets","2013","2013","1000 têtes","3994","","Donnée officielle"
"TA","Animaux vivants","146","République de Moldova","5909","Exportations - Quantité","1057","Poulets","2013","2013","1000 têtes","0","F","Estimation FAO"
"TA","Animaux vivants","250","République démocratique du Congo","5609","Importations - Quantité","1057","Poulets","2013","2013","1000 têtes","1072","R","Données estimées en utilisant les données des pays partenaires"
"TA","Animaux vivants","120","République démocratique populaire lao","5609","Importations - Quantité","1057","Poulets","2013","2013","1000 têtes","955","R","Données estimées en utilisant les données des pays partenaires"
"TA","Animaux vivants","56","République dominicaine","5609","Importations - Quantité","1057","Poulets","2013","2013","1000 têtes","989","R","Données estimées en utilisant les données des pays partenaires"
"TA","Animaux vivants","56","République dominicaine","5909","Exportations - Quantité","1057","Poulets","2013","2013","1000 têtes","1824","","Donnée officielle"
"TA","Animaux vivants","215","République-Unie de Tanzanie","5609","Importations - Quantité","1057","Poulets","2013","2013","1000 têtes","964","","Donnée officielle"
"TA","Animaux vivants","215","République-Unie de Tanzanie","5909","Exportations - Quantité","1057","Poulets","2013","2013","1000 têtes","4","","Donnée officielle"
"TA","Animaux vivants","183","Roumanie","5609","Importations - Quantité","1057","Poulets","2013","2013","1000 têtes","87373","","Donnée officielle"
"TA","Animaux vivants","183","Roumanie","5909","Exportations - Quantité","1057","Poulets","2013","2013","1000 têtes","10888","","Donnée officielle"
"TA","Animaux vivants","229","Royaume-Uni","5609","Importations - Quantité","1057","Poulets","2013","2013","1000 têtes","11549","","Donnée officielle"
"TA","Animaux vivants","229","Royaume-Uni","5909","Exportations - Quantité","1057","Poulets","2013","2013","1000 têtes","18652","","Donnée officielle"
"TA","Animaux vivants","184","Rwanda","5609","Importations - Quantité","1057","Poulets","2013","2013","1000 têtes","608","","Donnée officielle"
"TA","Animaux vivants","184","Rwanda","5909","Exportations - Quantité","1057","Poulets","2013","2013","1000 têtes","11","","Donnée officielle"
"TA","Animaux vivants","189","Sainte-Lucie","5609","Importations - Quantité","1057","Poulets","2013","2013","1000 têtes","53","R","Données estimées en utilisant les données des pays partenaires"
"TA","Animaux vivants","188","Saint-Kitts-et-Nevis","5609","Importations - Quantité","1057","Poulets","2013","2013","1000 têtes","18","R","Données estimées en utilisant les données des pays partenaires"
"TA","Animaux vivants","190","Saint-Pierre-et-Miquelon","5609","Importations - Quantité","1057","Poulets","2013","2013","1000 têtes","4","R","Données estimées en utilisant les données des pays partenaires"
"TA","Animaux vivants","191","Saint-Vincent-et-les Grenadines","5609","Importations - Quantité","1057","Poulets","2013","2013","1000 têtes","14","R","Données estimées en utilisant les données des pays partenaires"
"TA","Animaux vivants","244","Samoa","5609","Importations - Quantité","1057","Poulets","2013","2013","1000 têtes","31","","Donnée officielle"
"TA","Animaux vivants","5","Samoa américaines","5609","Importations - Quantité","1057","Poulets","2013","2013","1000 têtes","0","F","Estimation FAO"
"TA","Animaux vivants","193","Sao Tomé-et-Principe","5609","Importations - Quantité","1057","Poulets","2013","2013","1000 têtes","33","","Donnée officielle"
"TA","Animaux vivants","195","Sénégal","5609","Importations - Quantité","1057","Poulets","2013","2013","1000 têtes","143","","Donnée officielle"
"TA","Animaux vivants","195","Sénégal","5909","Exportations - Quantité","1057","Poulets","2013","2013","1000 têtes","188","","Donnée officielle"
"TA","Animaux vivants","272","Serbie","5609","Importations - Quantité","1057","Poulets","2013","2013","1000 têtes","6201","","Donnée officielle"
"TA","Animaux vivants","272","Serbie","5909","Exportations - Quantité","1057","Poulets","2013","2013","1000 têtes","640","","Donnée officielle"
"TA","Animaux vivants","186","Serbie-et-Monténégro","5609","Importations - Quantité","1057","Poulets","2013","2013","1000 têtes","0","F","Estimation FAO"
"TA","Animaux vivants","186","Serbie-et-Monténégro","5909","Exportations - Quantité","1057","Poulets","2013","2013","1000 têtes","0","F","Estimation FAO"
"TA","Animaux vivants","196","Seychelles","5609","Importations - Quantité","1057","Poulets","2013","2013","1000 têtes","12","R","Données estimées en utilisant les données des pays partenaires"
"TA","Animaux vivants","197","Sierra Leone","5609","Importations - Quantité","1057","Poulets","2013","2013","1000 têtes","69","R","Données estimées en utilisant les données des pays partenaires"
"TA","Animaux vivants","197","Sierra Leone","5909","Exportations - Quantité","1057","Poulets","2013","2013","1000 têtes","0","F","Estimation FAO"
"TA","Animaux vivants","200","Singapour","5609","Importations - Quantité","1057","Poulets","2013","2013","1000 têtes","46684","","Donnée officielle"
"TA","Animaux vivants","200","Singapour","5909","Exportations - Quantité","1057","Poulets","2013","2013","1000 têtes","0","*","Chiffre non officiel"
"TA","Animaux vivants","199","Slovaquie","5609","Importations - Quantité","1057","Poulets","2013","2013","1000 têtes","40839","","Donnée officielle"
"TA","Animaux vivants","199","Slovaquie","5909","Exportations - Quantité","1057","Poulets","2013","2013","1000 têtes","48228","","Donnée officielle"
"TA","Animaux vivants","198","Slovénie","5609","Importations - Quantité","1057","Poulets","2013","2013","1000 têtes","4389","","Donnée officielle"
"TA","Animaux vivants","198","Slovénie","5909","Exportations - Quantité","1057","Poulets","2013","2013","1000 têtes","713","","Donnée officielle"
"TA","Animaux vivants","201","Somalie","5609","Importations - Quantité","1057","Poulets","2013","2013","1000 têtes","14","R","Données estimées en utilisant les données des pays partenaires"
"TA","Animaux vivants","276","Soudan","5609","Importations - Quantité","1057","Poulets","2013","2013","1000 têtes","1068","R","Données estimées en utilisant les données des pays partenaires"
"TA","Animaux vivants","206","Soudan (ex)","5609","Importations - Quantité","1057","Poulets","2013","2013","1000 têtes","0","*","Chiffre non officiel"
"TA","Animaux vivants","206","Soudan (ex)","5909","Exportations - Quantité","1057","Poulets","2013","2013","1000 têtes","0","*","Chiffre non officiel"
"TA","Animaux vivants","277","Soudan du Sud","5609","Importations - Quantité","1057","Poulets","2013","2013","1000 têtes","3","F","Estimation FAO"
"TA","Animaux vivants","38","Sri Lanka","5609","Importations - Quantité","1057","Poulets","2013","2013","1000 têtes","496","","Donnée officielle"
"TA","Animaux vivants","38","Sri Lanka","5909","Exportations - Quantité","1057","Poulets","2013","2013","1000 têtes","82","","Donnée officielle"
"TA","Animaux vivants","210","Suède","5609","Importations - Quantité","1057","Poulets","2013","2013","1000 têtes","250","","Donnée officielle"
"TA","Animaux vivants","210","Suède","5909","Exportations - Quantité","1057","Poulets","2013","2013","1000 têtes","4841","","Donnée officielle"
"TA","Animaux vivants","211","Suisse","5609","Importations - Quantité","1057","Poulets","2013","2013","1000 têtes","348","","Donnée officielle"
"TA","Animaux vivants","211","Suisse","5909","Exportations - Quantité","1057","Poulets","2013","2013","1000 têtes","1212","","Donnée officielle"
"TA","Animaux vivants","207","Suriname","5609","Importations - Quantité","1057","Poulets","2013","2013","1000 têtes","72","R","Données estimées en utilisant les données des pays partenaires"
"TA","Animaux vivants","207","Suriname","5909","Exportations - Quantité","1057","Poulets","2013","2013","1000 têtes","0","F","Estimation FAO"
"TA","Animaux vivants","208","Tadjikistan","5609","Importations - Quantité","1057","Poulets","2013","2013","1000 têtes","869","R","Données estimées en utilisant les données des pays partenaires"
"TA","Animaux vivants","51","Tchécoslovaq","5609","Importations - Quantité","1057","Poulets","2013","2013","1000 têtes","","M","Donnée non disponible"
"TA","Animaux vivants","51","Tchécoslovaq","5909","Exportations - Quantité","1057","Poulets","2013","2013","1000 têtes","","M","Donnée non disponible"
"TA","Animaux vivants","167","Tchéquie (la)","5609","Importations - Quantité","1057","Poulets","2013","2013","1000 têtes","19467","","Donnée officielle"
"TA","Animaux vivants","167","Tchéquie (la)","5909","Exportations - Quantité","1057","Poulets","2013","2013","1000 têtes","91516","","Donnée officielle"
"TA","Animaux vivants","164","Territoire des Îles du Pacifique","5609","Importations - Quantité","1057","Poulets","2013","2013","1000 têtes","","M","Donnée non disponible"
"TA","Animaux vivants","216","Thaïlande","5609","Importations - Quantité","1057","Poulets","2013","2013","1000 têtes","2174","","Donnée officielle"
"TA","Animaux vivants","216","Thaïlande","5909","Exportations - Quantité","1057","Poulets","2013","2013","1000 têtes","1256","","Donnée officielle"
"TA","Animaux vivants","217","Togo","5609","Importations - Quantité","1057","Poulets","2013","2013","1000 têtes","20","","Donnée officielle"
"TA","Animaux vivants","219","Tonga","5609","Importations - Quantité","1057","Poulets","2013","2013","1000 têtes","8","*","Chiffre non officiel"
"TA","Animaux vivants","219","Tonga","5909","Exportations - Quantité","1057","Poulets","2013","2013","1000 têtes","","M","Donnée non disponible"
"TA","Animaux vivants","220","Trinité-et-Tobago","5609","Importations - Quantité","1057","Poulets","2013","2013","1000 têtes","679","R","Données estimées en utilisant les données des pays partenaires"
"TA","Animaux vivants","220","Trinité-et-Tobago","5909","Exportations - Quantité","1057","Poulets","2013","2013","1000 têtes","0","F","Estimation FAO"
"TA","Animaux vivants","222","Tunisie","5609","Importations - Quantité","1057","Poulets","2013","2013","1000 têtes","1305","","Donnée officielle"
"TA","Animaux vivants","222","Tunisie","5909","Exportations - Quantité","1057","Poulets","2013","2013","1000 têtes","0","F","Estimation FAO"
"TA","Animaux vivants","223","Turquie","5609","Importations - Quantité","1057","Poulets","2013","2013","1000 têtes","3430","","Donnée officielle"
"TA","Animaux vivants","223","Turquie","5909","Exportations - Quantité","1057","Poulets","2013","2013","1000 têtes","13778","","Donnée officielle"
"TA","Animaux vivants","230","Ukraine","5609","Importations - Quantité","1057","Poulets","2013","2013","1000 têtes","97099","","Donnée officielle"
"TA","Animaux vivants","230","Ukraine","5909","Exportations - Quantité","1057","Poulets","2013","2013","1000 têtes","557","","Donnée officielle"
"TA","Animaux vivants","234","Uruguay","5609","Importations - Quantité","1057","Poulets","2013","2013","1000 têtes","438","","Donnée officielle"
"TA","Animaux vivants","234","Uruguay","5909","Exportations - Quantité","1057","Poulets","2013","2013","1000 têtes","0","F","Estimation FAO"
"TA","Animaux vivants","155","Vanuatu","5609","Importations - Quantité","1057","Poulets","2013","2013","1000 têtes","47","R","Données estimées en utilisant les données des pays partenaires"
"TA","Animaux vivants","236","Venezuela (République bolivarienne du)","5609","Importations - Quantité","1057","Poulets","2013","2013","1000 têtes","3409","*","Chiffre non officiel"
"TA","Animaux vivants","236","Venezuela (République bolivarienne du)","5909","Exportations - Quantité","1057","Poulets","2013","2013","1000 têtes","0","","Donnée officielle"
"TA","Animaux vivants","237","Viet Nam","5609","Importations - Quantité","1057","Poulets","2013","2013","1000 têtes","1923","R","Données estimées en utilisant les données des pays partenaires"
"TA","Animaux vivants","249","Yémen","5609","Importations - Quantité","1057","Poulets","2013","2013","1000 têtes","2146","","Donnée officielle"
"TA","Animaux vivants","249","Yémen","5909","Exportations - Quantité","1057","Poulets","2013","2013","1000 têtes","0","F","Estimation FAO"
"TA","Animaux vivants","248","Yougosla Rfs","5609","Importations - Quantité","1057","Poulets","2013","2013","1000 têtes","","M","Donnée non disponible"
"TA","Animaux vivants","248","Yougosla Rfs","5909","Exportations - Quantité","1057","Poulets","2013","2013","1000 têtes","","M","Donnée non disponible"
"TA","Animaux vivants","251","Zambie","5609","Importations - Quantité","1057","Poulets","2013","2013","1000 têtes","713","","Donnée officielle"
"TA","Animaux vivants","251","Zambie","5909","Exportations - Quantité","1057","Poulets","2013","2013","1000 têtes","290","","Donnée officielle"
"TA","Animaux vivants","181","Zimbabwe","5609","Importations - Quantité","1057","Poulets","2013","2013","1000 têtes","180","","Donnée officielle"
"TA","Animaux vivants","181","Zimbabwe","5909","Exportations - Quantité","1057","Poulets","2013","2013","1000 têtes","953","","Donnée officielle"
